{
  "H": {
    "u_vv": -0.002686935,
    "u_vh": -0.001011976,
    "o_vv": 1.855647,
    "o_vh": 2.026068,
    "p": 0.08760954
  },
  "M": {
    "u_vv": -0.003695548,
    "u_vh": -0.007017939,
    "o_vv": 1.867386,
    "o_vh": 1.988088,
    "p": 0.1014195
  },
  "L": {
    "u_vv": -0.04321468,
    "u_vh": -0.04012442,
    "o_vv": 1.861495,
    "o_vh": 1.957711,
    "p": 0.1099914
  },
  "P": {
    "u_vv": -0.008740474,
    "u_vh": -0.008725278,
    "o_vv": 1.895452,
    "o_vh": 2.110991,
    "p": 0.1231765
  },
  "N": {
    "u_vv": -0.01904639,
    "u_vh": -0.01823885,
    "o_vv": 1.883164,
    "o_vh": 2.008979,
    "p": 0.1207273
  }
}